{
  "model_info": {
    "model_path": "/Users/jhen/Documents/CUHK-Project/ultralytics/exp5/exp5/weights/best.pt",
    "parameters_M": 2.204627,
    "flops_G": 2.99968,
    "device": "mps",
    "model_size_mb": 4.403637886047363,
    "timestamp": "2025-08-05T01:02:47.180293"
  },
  "timing_metrics": {
    "total_images": 15,
    "avg_inference_time_ms": 25.671469466760755,
    "std_inference_time_ms": 52.55809401785805,
    "median_inference_time_ms": 10.97758300602436,
    "min_inference_time_ms": 8.78145796013996,
    "max_inference_time_ms": 222.18758397502825,
    "fps": 38.953749854280574,
    "avg_preprocess_time_ms": 1.3386334059759974,
    "avg_postprocess_time_ms": 38.896733204213284,
    "total_time_ms": 2174.0303749684244
  },
  "system_metrics": {
    "avg_memory_usage_mb": 8324.255208333334,
    "max_memory_usage_mb": 8393.640625,
    "avg_mps_memory_mb": 12.016194661458334,
    "max_mps_memory_mb": 12.10595703125
  },
  "detailed_results": []
}