{
  "model_info": {
    "model_path": "/Users/jhen/Documents/CUHK-Project/ultralytics/exp5/exp5/weights/best.pt",
    "parameters_M": 1.397971,
    "flops_G": 2.6151168,
    "device": "mps",
    "model_size_mb": 2.839198112487793,
    "timestamp": "2025-08-06T10:25:34.044464"
  },
  "timing_metrics": {
    "total_images": 15,
    "avg_inference_time_ms": 20.922905474435538,
    "std_inference_time_ms": 49.30254761108484,
    "median_inference_time_ms": 7.615790993440896,
    "min_inference_time_ms": 6.252249993849546,
    "max_inference_time_ms": 205.35629201913252,
    "fps": 47.794509286573074,
    "avg_preprocess_time_ms": 1.3335389317944646,
    "avg_postprocess_time_ms": 22.114380662484717,
    "total_time_ms": 1680.9753340203315
  },
  "system_metrics": {
    "avg_memory_usage_mb": 11272.95625,
    "max_memory_usage_mb": 11293.125,
    "avg_mps_memory_mb": 8.746549479166667,
    "max_mps_memory_mb": 8.757568359375
  },
  "detailed_results": []
}