{
  "model_info": {
    "model_path": "/Users/jhen/Documents/CUHK-Project/ultralytics/exp1/exp1/weights/best.pt",
    "parameters_M": 2.472403,
    "flops_G": 3.1725312,
    "device": "mps",
    "model_size_mb": 4.946572303771973,
    "timestamp": "2025-08-04T15:55:02.112949"
  },
  "timing_metrics": {
    "total_images": 15,
    "avg_inference_time_ms": 30.949644470820203,
    "std_inference_time_ms": 72.01733087662129,
    "median_inference_time_ms": 11.907750013051555,
    "min_inference_time_ms": 8.914250007364899,
    "max_inference_time_ms": 300.28637501527555,
    "fps": 32.31054886406903,
    "avg_preprocess_time_ms": 1.4390751292618613,
    "avg_postprocess_time_ms": 38.348199935474746,
    "total_time_ms": 2334.1733340057544
  },
  "system_metrics": {
    "avg_memory_usage_mb": 10560.730208333332,
    "max_memory_usage_mb": 10563.671875,
    "avg_mps_memory_mb": 14.141341145833334,
    "max_mps_memory_mb": 14.21533203125
  },
  "detailed_results": []
}