{
  "performance_metrics": {
    "Precision": 0.6129032258064516,
    "Recall": 0.9047619047619048,
    "F1_Score": 0.7307692307692307
  },
  "localization_table": [
    {
      "Class_ID": 0,
      "Avg_IoU_TP": 0.8079724822395132,
      "IoU_Std": 0.06453439181473634,
      "Dice_Coefficient": 0.8923791486645193,
      "Box_MSE": 0.0004413108404559713
    }
  ]
}