epoch,time,train/box_loss,train/cls_loss,train/dfl_loss,metrics/precision(B),metrics/recall(B),metrics/mAP50(B),metrics/mAP50-95(B),val/box_loss,val/cls_loss,val/dfl_loss,lr/pg0,lr/pg1,lr/pg2
1,22.0649,5.88268,6.97479,4.28218,0,0,0,0,6.30414,9.12594,2.74752,0.0964,0.0004,0.0004
2,39.0407,5.8096,5.57964,4.25791,0,0,0,0,6.27559,8.86177,2.71675,0.0918911,0.00089109,0.00089109
3,55.1202,5.83594,5.38038,4.19754,0,0,0,0,6.24432,8.70449,2.68399,0.0873723,0.00137228,0.00137228
