{
  "model_info": {
    "model_path": "/Users/jhen/Documents/CUHK-Project/ultralytics/exp9/exp9/weights/best.pt",
    "parameters_M": 1.125251,
    "flops_G": 1.7062784,
    "device": "mps",
    "model_size_mb": 2.296332359313965,
    "timestamp": "2025-08-06T10:55:17.717920"
  },
  "timing_metrics": {
    "total_images": 15,
    "avg_inference_time_ms": 18.60723066686963,
    "std_inference_time_ms": 47.070098147766466,
    "median_inference_time_ms": 5.906958016566932,
    "min_inference_time_ms": 5.224832973908633,
    "max_inference_time_ms": 194.70879202708602,
    "fps": 53.7425486846095,
    "avg_preprocess_time_ms": 1.1669555989404519,
    "avg_postprocess_time_ms": 23.320497199892998,
    "total_time_ms": 1495.562374999281
  },
  "system_metrics": {
    "avg_memory_usage_mb": 11032.532291666666,
    "max_memory_usage_mb": 11041.625,
    "avg_mps_memory_mb": 7.282096354166667,
    "max_mps_memory_mb": 7.419189453125
  },
  "detailed_results": []
}