{
  "model_info": {
    "model_path": "/Users/jhen/Documents/CUHK-Project/ultralytics/exp4/exp4/weights/best.pt",
    "parameters_M": 2.258387,
    "flops_G": 3.0865152,
    "device": "mps",
    "model_size_mb": 4.521723747253418,
    "timestamp": "2025-08-04T21:08:58.384395"
  },
  "timing_metrics": {
    "total_images": 15,
    "avg_inference_time_ms": 23.094277863856405,
    "std_inference_time_ms": 56.05243848219331,
    "median_inference_time_ms": 8.258624991867691,
    "min_inference_time_ms": 7.265624997671694,
    "max_inference_time_ms": 232.81362501438707,
    "fps": 43.300769389505156,
    "avg_preprocess_time_ms": 1.147544391763707,
    "avg_postprocess_time_ms": 21.74971953112011,
    "total_time_ms": 1756.4367919694632
  },
  "system_metrics": {
    "avg_memory_usage_mb": 9393.15625,
    "max_memory_usage_mb": 9403.1875,
    "avg_mps_memory_mb": 12.956087239583333,
    "max_mps_memory_mb": 13.10400390625
  },
  "detailed_results": []
}