{
  "model_info": {
    "model_path": "/Users/jhen/Documents/CUHK-Project/ultralytics/exp4/exp4/weights/best.pt",
    "parameters_M": 1.485011,
    "flops_G": 2.7560192,
    "device": "mps",
    "model_size_mb": 3.0260133743286133,
    "timestamp": "2025-08-06T10:16:31.389667"
  },
  "timing_metrics": {
    "total_images": 15,
    "avg_inference_time_ms": 21.835697543186445,
    "std_inference_time_ms": 53.9914725124636,
    "median_inference_time_ms": 7.532334013376385,
    "min_inference_time_ms": 6.519709015265107,
    "max_inference_time_ms": 223.84599997894838,
    "fps": 45.79656766275541,
    "avg_preprocess_time_ms": 1.054400058152775,
    "avg_postprocess_time_ms": 23.18161380244419,
    "total_time_ms": 1653.749582997989
  },
  "system_metrics": {
    "avg_memory_usage_mb": 11124.947916666666,
    "max_memory_usage_mb": 11127.25,
    "avg_mps_memory_mb": 8.66083984375,
    "max_mps_memory_mb": 9.132568359375
  },
  "detailed_results": []
}