{
  "performance_metrics": {
    "Precision": 0.7391304347826086,
    "Recall": 0.8095238095238095,
    "F1_Score": 0.7727272727272727
  },
  "localization_table": [
    {
      "Class_ID": 0,
      "Avg_IoU_TP": 0.8070657604605778,
      "IoU_Std": 0.06532621253588392,
      "Dice_Coefficient": 0.891808470358062,
      "Box_MSE": 0.0004211853243715961
    }
  ]
}