{
  "performance_metrics": {
    "Precision": 0.7619047619047619,
    "Recall": 0.7619047619047619,
    "F1_Score": 0.7619047619047619
  },
  "localization_table": [
    {
      "Class_ID": 0,
      "Avg_IoU_TP": 0.8180704576454302,
      "IoU_Std": 0.04898083576766513,
      "Dice_Coefficient": 0.899138280106281,
      "Box_MSE": 0.0004112973018285161
    }
  ]
}