{
  "model_info": {
    "model_path": "/Users/jhen/Documents/CUHK-Project/ultralytics/exp3/exp3/weights/best.pt",
    "parameters_M": 1.829587,
    "flops_G": 2.9138688,
    "device": "mps",
    "model_size_mb": 3.685835838317871,
    "timestamp": "2025-08-06T10:12:16.357234"
  },
  "timing_metrics": {
    "total_images": 15,
    "avg_inference_time_ms": 22.278966805121552,
    "std_inference_time_ms": 53.70944343388778,
    "median_inference_time_ms": 8.145500032696873,
    "min_inference_time_ms": 6.825916992966086,
    "max_inference_time_ms": 223.23170903837308,
    "fps": 44.88538489002628,
    "avg_preprocess_time_ms": 1.1907083991294105,
    "avg_postprocess_time_ms": 23.540008529865492,
    "total_time_ms": 1709.5851250342093
  },
  "system_metrics": {
    "avg_memory_usage_mb": 11172.817708333334,
    "max_memory_usage_mb": 11176.125,
    "avg_mps_memory_mb": 10.962386067708334,
    "max_mps_memory_mb": 11.02685546875
  },
  "detailed_results": []
}