{
  "model_info": {
    "model_path": "/Users/jhen/Documents/CUHK-Project/ultralytics/exp3/exp3/weights/best.pt",
    "parameters_M": 2.258387,
    "flops_G": 3.0865152,
    "device": "mps",
    "model_size_mb": 4.521723747253418,
    "timestamp": "2025-08-04T20:19:31.261386"
  },
  "timing_metrics": {
    "total_images": 15,
    "avg_inference_time_ms": 24.48282507636274,
    "std_inference_time_ms": 58.241575741932344,
    "median_inference_time_ms": 8.905833004973829,
    "min_inference_time_ms": 7.773541001370177,
    "max_inference_time_ms": 242.39554200903513,
    "fps": 40.84495955352239,
    "avg_preprocess_time_ms": 1.3971557394446183,
    "avg_postprocess_time_ms": 28.040705533931032,
    "total_time_ms": 1940.1886249834206
  },
  "system_metrics": {
    "avg_memory_usage_mb": 11220.207291666668,
    "max_memory_usage_mb": 11229.21875,
    "avg_mps_memory_mb": 12.956103515625,
    "max_mps_memory_mb": 13.10400390625
  },
  "detailed_results": []
}