{
  "performance_metrics": {
    "Precision": 0.7307692307692307,
    "Recall": 0.9047619047619048,
    "F1_Score": 0.8085106382978723
  },
  "localization_table": [
    {
      "Class_ID": 0,
      "Avg_IoU_TP": 0.8216411061624519,
      "IoU_Std": 0.05383023150880428,
      "Dice_Coefficient": 0.9011440241063423,
      "Box_MSE": 0.00037715551182053474
    }
  ]
}