{
  "model_info": {
    "model_path": "/Users/jhen/Documents/CUHK-Project/ultralytics/exp8/exp8/weights/best.pt",
    "parameters_M": 1.150323,
    "flops_G": 1.9122176,
    "device": "mps",
    "model_size_mb": 2.353285789489746,
    "timestamp": "2025-08-06T10:47:53.823525"
  },
  "timing_metrics": {
    "total_images": 15,
    "avg_inference_time_ms": 19.915336191964645,
    "std_inference_time_ms": 50.320970880303896,
    "median_inference_time_ms": 6.583540991414338,
    "min_inference_time_ms": 6.001166999340057,
    "max_inference_time_ms": 208.19629199104384,
    "fps": 50.21255932417931,
    "avg_preprocess_time_ms": 1.1161666829138994,
    "avg_postprocess_time_ms": 24.858158205946285,
    "total_time_ms": 1580.2343750256114
  },
  "system_metrics": {
    "avg_memory_usage_mb": 11185.308333333332,
    "max_memory_usage_mb": 11185.625,
    "avg_mps_memory_mb": 6.991569010416667,
    "max_mps_memory_mb": 7.0224609375
  },
  "detailed_results": []
}