{
  "model_info": {
    "model_path": "/Users/jhen/Documents/CUHK-Project/ultralytics/exp8/exp8/weights/best.pt",
    "parameters_M": 2.191219,
    "flops_G": 2.9132544,
    "device": "mps",
    "model_size_mb": 4.373543739318848,
    "timestamp": "2025-08-05T01:03:19.065011"
  },
  "timing_metrics": {
    "total_images": 15,
    "avg_inference_time_ms": 23.59225832624361,
    "std_inference_time_ms": 57.72594067352973,
    "median_inference_time_ms": 8.325708971824497,
    "min_inference_time_ms": 6.804500008001924,
    "max_inference_time_ms": 239.5630410173908,
    "fps": 42.386785790982024,
    "avg_preprocess_time_ms": 1.090866532952835,
    "avg_postprocess_time_ms": 26.40816653923442,
    "total_time_ms": 1953.375833982136
  },
  "system_metrics": {
    "avg_memory_usage_mb": 8360.426041666668,
    "max_memory_usage_mb": 8367.890625,
    "avg_mps_memory_mb": 11.974072265625,
    "max_mps_memory_mb": 12.12451171875
  },
  "detailed_results": []
}