{
  "model_info": {
    "model_path": "/Users/jhen/Documents/CUHK-Project/ultralytics/exp7/exp7/weights/best.pt",
    "parameters_M": 1.187315,
    "flops_G": 2.149376,
    "device": "mps",
    "model_size_mb": 2.425766944885254,
    "timestamp": "2025-08-06T10:34:54.122047"
  },
  "timing_metrics": {
    "total_images": 15,
    "avg_inference_time_ms": 19.541113808130223,
    "std_inference_time_ms": 49.05863518944042,
    "median_inference_time_ms": 6.474499998148531,
    "min_inference_time_ms": 5.718083004467189,
    "max_inference_time_ms": 203.09395901858807,
    "fps": 51.174155670898486,
    "avg_preprocess_time_ms": 1.0404638674420614,
    "avg_postprocess_time_ms": 2.863150000727425,
    "total_time_ms": 1186.2780419760384
  },
  "system_metrics": {
    "avg_memory_usage_mb": 11172.414583333333,
    "max_memory_usage_mb": 11177.953125,
    "avg_mps_memory_mb": 7.131624348958334,
    "max_mps_memory_mb": 7.162353515625
  },
  "detailed_results": []
}