{
  "model_info": {
    "model_path": "/Users/jhen/Documents/CUHK-Project/ultralytics/exp10/exp10/weights/best.pt",
    "parameters_M": 1.111363,
    "flops_G": 1.5705408,
    "device": "mps",
    "model_size_mb": 2.268040657043457,
    "timestamp": "2025-08-06T10:58:20.610142"
  },
  "timing_metrics": {
    "total_images": 15,
    "avg_inference_time_ms": 17.409766601243366,
    "std_inference_time_ms": 45.69136582056466,
    "median_inference_time_ms": 4.986916028428823,
    "min_inference_time_ms": 4.851958015933633,
    "max_inference_time_ms": 188.3615410188213,
    "fps": 57.43902390561527,
    "avg_preprocess_time_ms": 1.0597471341801186,
    "avg_postprocess_time_ms": 2.590669400524348,
    "total_time_ms": 999.5340409805067
  },
  "system_metrics": {
    "avg_memory_usage_mb": 11243.421875,
    "max_memory_usage_mb": 11247.140625,
    "avg_mps_memory_mb": 6.205598958333334,
    "max_mps_memory_mb": 6.298828125
  },
  "detailed_results": []
}