{
  "model_info": {
    "model_path": "/Users/jhen/Documents/CUHK-Project/ultralytics/exp2/exp2/weights/best.pt",
    "parameters_M": 2.472403,
    "flops_G": 3.1725312,
    "device": "mps",
    "model_size_mb": 4.946572303771973,
    "timestamp": "2025-08-04T20:06:38.372287"
  },
  "timing_metrics": {
    "total_images": 15,
    "avg_inference_time_ms": 25.023683401135106,
    "std_inference_time_ms": 59.4188290988035,
    "median_inference_time_ms": 9.088791004614905,
    "min_inference_time_ms": 8.250125014455989,
    "max_inference_time_ms": 247.33016701065935,
    "fps": 39.96214242203203,
    "avg_preprocess_time_ms": 1.443236133006091,
    "avg_postprocess_time_ms": 24.390072202853236,
    "total_time_ms": 1915.945833985461
  },
  "system_metrics": {
    "avg_memory_usage_mb": 11302.171875,
    "max_memory_usage_mb": 11305.703125,
    "avg_mps_memory_mb": 14.141341145833334,
    "max_mps_memory_mb": 14.21533203125
  },
  "detailed_results": []
}