{
  "model_info": {
    "model_path": "/Users/jhen/Documents/CUHK-Project/ultralytics/exp10/exp10/weights/best.pt",
    "parameters_M": 1.111363,
    "flops_G": 1.5705408,
    "device": "mps",
    "model_size_mb": 2.268040657043457,
    "timestamp": "2025-08-06T10:57:05.196325"
  },
  "timing_metrics": {
    "total_images": 15,
    "avg_inference_time_ms": 17.27307498610268,
    "std_inference_time_ms": 45.374743409604356,
    "median_inference_time_ms": 5.013916990719736,
    "min_inference_time_ms": 4.743375000543892,
    "max_inference_time_ms": 187.04320798860863,
    "fps": 57.89357139968219,
    "avg_preprocess_time_ms": 1.132083327199022,
    "avg_postprocess_time_ms": 2.954430525035908,
    "total_time_ms": 1083.7830410455354
  },
  "system_metrics": {
    "avg_memory_usage_mb": 11082.15625,
    "max_memory_usage_mb": 11082.71875,
    "avg_mps_memory_mb": 6.205598958333334,
    "max_mps_memory_mb": 6.298828125
  },
  "detailed_results": []
}