{
  "model_info": {
    "model_path": "/Users/jhen/Documents/CUHK-Project/ultralytics/exp10/exp10/weights/best.pt",
    "parameters_M": 2.187843,
    "flops_G": 2.8256,
    "device": "mps",
    "model_size_mb": 4.362553596496582,
    "timestamp": "2025-08-05T01:03:37.436635"
  },
  "timing_metrics": {
    "total_images": 15,
    "avg_inference_time_ms": 34.99311673998212,
    "std_inference_time_ms": 87.80848850026811,
    "median_inference_time_ms": 11.25241699628532,
    "min_inference_time_ms": 8.076708007138222,
    "max_inference_time_ms": 363.3793750195764,
    "fps": 28.577048664471462,
    "avg_preprocess_time_ms": 2.068641735240817,
    "avg_postprocess_time_ms": 38.542422209866345,
    "total_time_ms": 2298.1772500206716
  },
  "system_metrics": {
    "avg_memory_usage_mb": 8522.955208333333,
    "max_memory_usage_mb": 8523.296875,
    "avg_mps_memory_mb": 11.7765625,
    "max_mps_memory_mb": 12.111328125
  },
  "detailed_results": []
}