{
  "model_info": {
    "model_path": "/Users/jhen/Documents/CUHK-Project/ultralytics/exp6/exp6/weights/best.pt",
    "parameters_M": 2.204627,
    "flops_G": 2.99968,
    "device": "mps",
    "model_size_mb": 4.403637886047363,
    "timestamp": "2025-08-05T01:02:55.093958"
  },
  "timing_metrics": {
    "total_images": 15,
    "avg_inference_time_ms": 23.973597205864888,
    "std_inference_time_ms": 53.65760734274784,
    "median_inference_time_ms": 8.800250012427568,
    "min_inference_time_ms": 7.35587504459545,
    "max_inference_time_ms": 224.5575000415556,
    "fps": 41.712555333805334,
    "avg_preprocess_time_ms": 1.0538918587068717,
    "avg_postprocess_time_ms": 19.824080533968907,
    "total_time_ms": 1559.7109999507666
  },
  "system_metrics": {
    "avg_memory_usage_mb": 8237.8375,
    "max_memory_usage_mb": 8246.671875,
    "avg_mps_memory_mb": 12.016324869791667,
    "max_mps_memory_mb": 12.10595703125
  },
  "detailed_results": []
}