{
  "performance_metrics": {
    "Precision": 0.23529411764705882,
    "Recall": 0.2222222222222222,
    "F1_Score": 0.22857142857142856
  },
  "localization_table": [
    {
      "Class_ID": 0,
      "Avg_IoU_TP": 0.7753821586707854,
      "IoU_Std": 0.0318097699838142,
      "Dice_Coefficient": 0.8731260096798841,
      "Box_MSE": 0.0008137124840002358
    }
  ]
}