{
  "model_info": {
    "model_path": "/Users/jhen/Documents/CUHK-Project/ultralytics/exp3/exp3/weights/best.pt",
    "parameters_M": 1.829587,
    "flops_G": 2.9138688,
    "device": "mps",
    "model_size_mb": 3.685835838317871,
    "timestamp": "2025-08-06T10:14:45.632779"
  },
  "timing_metrics": {
    "total_images": 15,
    "avg_inference_time_ms": 22.968472396799672,
    "std_inference_time_ms": 56.810380133945515,
    "median_inference_time_ms": 7.8439589706249535,
    "min_inference_time_ms": 6.926042027771473,
    "max_inference_time_ms": 235.51487497752532,
    "fps": 43.53794117101735,
    "avg_preprocess_time_ms": 1.193449991599967,
    "avg_postprocess_time_ms": 23.679713939782232,
    "total_time_ms": 1742.6051660440862
  },
  "system_metrics": {
    "avg_memory_usage_mb": 11119.719791666666,
    "max_memory_usage_mb": 11123.59375,
    "avg_mps_memory_mb": 10.962386067708334,
    "max_mps_memory_mb": 11.02685546875
  },
  "detailed_results": []
}