{
  "model_info": {
    "model_path": "/Users/jhen/Documents/CUHK-Project/ultralytics/exp3/exp3/weights/best.pt",
    "parameters_M": 2.258387,
    "flops_G": 3.0865152,
    "device": "mps",
    "model_size_mb": 4.521723747253418,
    "timestamp": "2025-08-04T20:20:56.503639"
  },
  "timing_metrics": {
    "total_images": 15,
    "avg_inference_time_ms": 24.72705273151708,
    "std_inference_time_ms": 58.70016970878369,
    "median_inference_time_ms": 8.946541987825185,
    "min_inference_time_ms": 7.8186659957282245,
    "max_inference_time_ms": 244.35004199040122,
    "fps": 40.44153627437373,
    "avg_preprocess_time_ms": 1.2008359306491911,
    "avg_postprocess_time_ms": 24.853566597448662,
    "total_time_ms": 1820.6734999839682
  },
  "system_metrics": {
    "avg_memory_usage_mb": 11407.692708333334,
    "max_memory_usage_mb": 11414.15625,
    "avg_mps_memory_mb": 12.956103515625,
    "max_mps_memory_mb": 13.10400390625
  },
  "detailed_results": []
}