{
  "performance_metrics": {
    "Precision": 0.6818181818181818,
    "Recall": 0.7142857142857143,
    "F1_Score": 0.6976744186046512
  },
  "localization_table": [
    {
      "Class_ID": 0,
      "Avg_IoU_TP": 0.8267718748899588,
      "IoU_Std": 0.05830916343653886,
      "Dice_Coefficient": 0.9040706672176454,
      "Box_MSE": 0.0003815588546100596
    }
  ]
}