{
  "model_info": {
    "model_path": "/Users/jhen/Documents/CUHK-Project/ultralytics/exp6/exp6/weights/best.pt",
    "parameters_M": 1.250259,
    "flops_G": 2.3785728,
    "device": "mps",
    "model_size_mb": 2.555291175842285,
    "timestamp": "2025-08-06T10:30:08.784203"
  },
  "timing_metrics": {
    "total_images": 15,
    "avg_inference_time_ms": 19.100372264316928,
    "std_inference_time_ms": 47.80746517457766,
    "median_inference_time_ms": 6.228499987628311,
    "min_inference_time_ms": 5.8771250187419355,
    "max_inference_time_ms": 197.96816702000797,
    "fps": 52.355000528873845,
    "avg_preprocess_time_ms": 1.1462084716185927,
    "avg_postprocess_time_ms": 21.954441792331636,
    "total_time_ms": 1574.9291249667294
  },
  "system_metrics": {
    "avg_memory_usage_mb": 11034.110416666666,
    "max_memory_usage_mb": 11046.0625,
    "avg_mps_memory_mb": 7.311865234375,
    "max_mps_memory_mb": 7.31298828125
  },
  "detailed_results": []
}