{
  "model_info": {
    "model_path": "/Users/jhen/Documents/CUHK-Project/ultralytics/exp6/exp6/weights/best.pt",
    "parameters_M": 2.204627,
    "flops_G": 2.99968,
    "device": "mps",
    "model_size_mb": 4.403637886047363,
    "timestamp": "2025-08-05T01:02:58.955586"
  },
  "timing_metrics": {
    "total_images": 15,
    "avg_inference_time_ms": 33.60951106296852,
    "std_inference_time_ms": 88.40391034514023,
    "median_inference_time_ms": 10.088707960676402,
    "min_inference_time_ms": 7.542292005382478,
    "max_inference_time_ms": 364.36487501487136,
    "fps": 29.753482522446316,
    "avg_preprocess_time_ms": 1.4878416550345719,
    "avg_postprocess_time_ms": 25.649777799844742,
    "total_time_ms": 2245.760750025511
  },
  "system_metrics": {
    "avg_memory_usage_mb": 8308.670833333334,
    "max_memory_usage_mb": 8316.09375,
    "avg_mps_memory_mb": 12.016324869791667,
    "max_mps_memory_mb": 12.10595703125
  },
  "detailed_results": []
}