{
  "model_info": {
    "model_path": "/Users/jhen/Documents/CUHK-Project/ultralytics/exp0/exp0/weights/best.pt",
    "parameters_M": 2.590035,
    "flops_G": 3.2203008,
    "device": "mps",
    "model_size_mb": 5.185870170593262,
    "timestamp": "2025-08-04T15:58:49.412971"
  },
  "timing_metrics": {
    "total_images": 15,
    "avg_inference_time_ms": 27.389575069537386,
    "std_inference_time_ms": 66.54343887206542,
    "median_inference_time_ms": 9.660667012212798,
    "min_inference_time_ms": 8.813583001028746,
    "max_inference_time_ms": 276.36787499068305,
    "fps": 36.51024148644779,
    "avg_preprocess_time_ms": 1.447197397161896,
    "avg_postprocess_time_ms": 28.151483203206833,
    "total_time_ms": 2042.8784580144566
  },
  "system_metrics": {
    "avg_memory_usage_mb": 10883.98125,
    "max_memory_usage_mb": 10906.375,
    "avg_mps_memory_mb": 14.586686197916666,
    "max_mps_memory_mb": 14.66064453125
  },
  "detailed_results": []
}