{
  "model_info": {
    "model_path": "/Users/jhen/Documents/CUHK-Project/ultralytics/exp8/exp8/weights/best.pt",
    "parameters_M": 2.191219,
    "flops_G": 2.9132544,
    "device": "mps",
    "model_size_mb": 4.373543739318848,
    "timestamp": "2025-08-05T01:03:22.715751"
  },
  "timing_metrics": {
    "total_images": 15,
    "avg_inference_time_ms": 31.18762233449767,
    "std_inference_time_ms": 82.64613607474051,
    "median_inference_time_ms": 9.346417034976184,
    "min_inference_time_ms": 7.15529196895659,
    "max_inference_time_ms": 340.4062920017168,
    "fps": 32.06400248389139,
    "avg_preprocess_time_ms": 1.2678862044898171,
    "avg_postprocess_time_ms": 32.256630392900355,
    "total_time_ms": 2199.101915990468
  },
  "system_metrics": {
    "avg_memory_usage_mb": 8460.741666666667,
    "max_memory_usage_mb": 8481.046875,
    "avg_mps_memory_mb": 11.974072265625,
    "max_mps_memory_mb": 12.12451171875
  },
  "detailed_results": []
}