{
  "model_info": {
    "model_path": "/Users/jhen/Documents/CUHK-Project/ultralytics/exp4/exp4/weights/best.pt",
    "parameters_M": 2.258387,
    "flops_G": 3.0865152,
    "device": "mps",
    "model_size_mb": 4.521723747253418,
    "timestamp": "2025-08-04T21:09:57.105795"
  },
  "timing_metrics": {
    "total_images": 15,
    "avg_inference_time_ms": 23.797058263638366,
    "std_inference_time_ms": 56.735105475382795,
    "median_inference_time_ms": 8.419000019785017,
    "min_inference_time_ms": 7.244332984555513,
    "max_inference_time_ms": 236.04904196690768,
    "fps": 42.02200074149453,
    "avg_preprocess_time_ms": 1.0634414580029745,
    "avg_postprocess_time_ms": 20.391547268566985,
    "total_time_ms": 1673.7961249891669
  },
  "system_metrics": {
    "avg_memory_usage_mb": 10131.176041666668,
    "max_memory_usage_mb": 10198.21875,
    "avg_mps_memory_mb": 12.956087239583333,
    "max_mps_memory_mb": 13.10400390625
  },
  "detailed_results": []
}