{
  "model_info": {
    "model_path": "/Users/jhen/Documents/CUHK-Project/ultralytics/exp2/exp2/weights/best.pt",
    "parameters_M": 2.472403,
    "flops_G": 3.1725312,
    "device": "mps",
    "model_size_mb": 4.946572303771973,
    "timestamp": "2025-08-04T20:07:04.063215"
  },
  "timing_metrics": {
    "total_images": 15,
    "avg_inference_time_ms": 25.13031960115768,
    "std_inference_time_ms": 57.87419353754809,
    "median_inference_time_ms": 9.378375019878149,
    "min_inference_time_ms": 8.00187501590699,
    "max_inference_time_ms": 241.6237919824198,
    "fps": 39.79256992632648,
    "avg_preprocess_time_ms": 1.4142832621776809,
    "avg_postprocess_time_ms": 24.966133335450042,
    "total_time_ms": 1988.77625001478
  },
  "system_metrics": {
    "avg_memory_usage_mb": 11405.804166666667,
    "max_memory_usage_mb": 11406.640625,
    "avg_mps_memory_mb": 14.141341145833334,
    "max_mps_memory_mb": 14.21533203125
  },
  "detailed_results": []
}