{
  "model_info": {
    "model_path": "/Users/jhen/Documents/CUHK-Project/ultralytics/exp7/exp7/weights/best.pt",
    "parameters_M": 1.187315,
    "flops_G": 2.149376,
    "device": "mps",
    "model_size_mb": 2.425766944885254,
    "timestamp": "2025-08-06T10:43:02.883379"
  },
  "timing_metrics": {
    "total_images": 15,
    "avg_inference_time_ms": 18.783469397264223,
    "std_inference_time_ms": 48.32905290556034,
    "median_inference_time_ms": 5.908290972001851,
    "min_inference_time_ms": 5.311875022016466,
    "max_inference_time_ms": 199.60366596933454,
    "fps": 53.238301127993324,
    "avg_preprocess_time_ms": 1.084286195691675,
    "avg_postprocess_time_ms": 2.69808880208681,
    "total_time_ms": 1149.2903340258636
  },
  "system_metrics": {
    "avg_memory_usage_mb": 11167.880208333334,
    "max_memory_usage_mb": 11178.390625,
    "avg_mps_memory_mb": 7.131624348958334,
    "max_mps_memory_mb": 7.162353515625
  },
  "detailed_results": []
}