{
  "model_info": {
    "model_path": "/Users/jhen/Documents/CUHK-Project/ultralytics/exp7/exp7/weights/best.pt",
    "parameters_M": 2.191219,
    "flops_G": 2.9132544,
    "device": "mps",
    "model_size_mb": 4.373543739318848,
    "timestamp": "2025-08-05T01:03:11.120077"
  },
  "timing_metrics": {
    "total_images": 15,
    "avg_inference_time_ms": 23.930625012144446,
    "std_inference_time_ms": 56.80758314118605,
    "median_inference_time_ms": 8.525457989890128,
    "min_inference_time_ms": 7.362500007729977,
    "max_inference_time_ms": 236.43679200904444,
    "fps": 41.78745851779945,
    "avg_preprocess_time_ms": 1.17447212493668,
    "avg_postprocess_time_ms": 25.90378620661795,
    "total_time_ms": 2095.8295419695787
  },
  "system_metrics": {
    "avg_memory_usage_mb": 8439.482291666667,
    "max_memory_usage_mb": 8454.078125,
    "avg_mps_memory_mb": 11.974104817708334,
    "max_mps_memory_mb": 12.12451171875
  },
  "detailed_results": []
}