{
  "performance_metrics": {
    "Precision": 0.7241379310344828,
    "Recall": 1.0,
    "F1_Score": 0.8400000000000001
  },
  "localization_table": [
    {
      "Class_ID": 0,
      "Avg_IoU_TP": 0.8346909417687969,
      "IoU_Std": 0.05964129921536271,
      "Dice_Coefficient": 0.9087418745027604,
      "Box_MSE": 0.0003931709484036205
    }
  ]
}