{
  "performance_metrics": {
    "Precision": 0.4864864864864865,
    "Recall": 0.8571428571428571,
    "F1_Score": 0.6206896551724138
  },
  "localization_table": [
    {
      "Class_ID": 0,
      "Avg_IoU_TP": 0.8110845491030212,
      "IoU_Std": 0.05709942694578595,
      "Dice_Coefficient": 0.8945928411279777,
      "Box_MSE": 0.00030121789201473996
    }
  ]
}