{
  "model_info": {
    "model_path": "/Users/jhen/Documents/CUHK-Project/ultralytics/exp7/exp7/weights/best.pt",
    "parameters_M": 1.187315,
    "flops_G": 2.149376,
    "device": "mps",
    "model_size_mb": 2.425766944885254,
    "timestamp": "2025-08-06T10:42:29.228749"
  },
  "timing_metrics": {
    "total_images": 15,
    "avg_inference_time_ms": 19.559655458821606,
    "std_inference_time_ms": 49.784007224476696,
    "median_inference_time_ms": 6.077541038393974,
    "min_inference_time_ms": 5.340959003660828,
    "max_inference_time_ms": 205.82029200159013,
    "fps": 51.1256449330241,
    "avg_preprocess_time_ms": 1.168111079217245,
    "avg_postprocess_time_ms": 3.269808397938808,
    "total_time_ms": 1196.6301249922253
  },
  "system_metrics": {
    "avg_memory_usage_mb": 11129.811458333334,
    "max_memory_usage_mb": 11130.015625,
    "avg_mps_memory_mb": 7.131624348958334,
    "max_mps_memory_mb": 7.162353515625
  },
  "detailed_results": []
}