{
  "model_info": {
    "model_path": "/Users/jhen/Documents/CUHK-Project/ultralytics/exp10/exp10/weights/best.pt",
    "parameters_M": 2.187843,
    "flops_G": 2.8256,
    "device": "mps",
    "model_size_mb": 4.362553596496582,
    "timestamp": "2025-08-05T01:03:45.158297"
  },
  "timing_metrics": {
    "total_images": 15,
    "avg_inference_time_ms": 27.347186265978962,
    "std_inference_time_ms": 64.07107771501477,
    "median_inference_time_ms": 9.546999994199723,
    "min_inference_time_ms": 7.795915997121483,
    "max_inference_time_ms": 266.93262497428805,
    "fps": 36.56683324836389,
    "avg_preprocess_time_ms": 1.397144600438575,
    "avg_postprocess_time_ms": 27.93410833692178,
    "total_time_ms": 2024.9564169789664
  },
  "system_metrics": {
    "avg_memory_usage_mb": 8408.853125,
    "max_memory_usage_mb": 8431.734375,
    "avg_mps_memory_mb": 11.7765625,
    "max_mps_memory_mb": 12.111328125
  },
  "detailed_results": []
}