{
  "model_info": {
    "model_path": "/Users/jhen/Documents/CUHK-Project/ultralytics/exp10/exp10/weights/best.pt",
    "parameters_M": 1.111363,
    "flops_G": 1.5705408,
    "device": "mps",
    "model_size_mb": 2.268040657043457,
    "timestamp": "2025-08-06T10:59:03.363829"
  },
  "timing_metrics": {
    "total_images": 15,
    "avg_inference_time_ms": 17.503616667818278,
    "std_inference_time_ms": 46.12977998141414,
    "median_inference_time_ms": 4.992166999727488,
    "min_inference_time_ms": 4.908417002297938,
    "max_inference_time_ms": 190.09804097004235,
    "fps": 57.131050055419436,
    "avg_preprocess_time_ms": 1.1238387397800882,
    "avg_postprocess_time_ms": 2.5881222643268607,
    "total_time_ms": 1017.8308750037104
  },
  "system_metrics": {
    "avg_memory_usage_mb": 11191.348958333334,
    "max_memory_usage_mb": 11192.765625,
    "avg_mps_memory_mb": 6.205598958333334,
    "max_mps_memory_mb": 6.298828125
  },
  "detailed_results": []
}