{
  "model_info": {
    "model_path": "/Users/jhen/Documents/CUHK-Project/ultralytics/exp6/exp6/weights/best.pt",
    "parameters_M": 2.204627,
    "flops_G": 2.99968,
    "device": "mps",
    "model_size_mb": 4.403637886047363,
    "timestamp": "2025-08-05T01:02:51.301970"
  },
  "timing_metrics": {
    "total_images": 15,
    "avg_inference_time_ms": 33.687991520855576,
    "std_inference_time_ms": 80.45192073412579,
    "median_inference_time_ms": 13.090417021885514,
    "min_inference_time_ms": 9.560249978676438,
    "max_inference_time_ms": 334.63291596854106,
    "fps": 29.684168003334946,
    "avg_preprocess_time_ms": 1.3720110640861094,
    "avg_postprocess_time_ms": 41.55839166293541,
    "total_time_ms": 2092.129083001055
  },
  "system_metrics": {
    "avg_memory_usage_mb": 8474.170833333334,
    "max_memory_usage_mb": 8493.609375,
    "avg_mps_memory_mb": 12.016324869791667,
    "max_mps_memory_mb": 12.10595703125
  },
  "detailed_results": []
}