{
  "model_info": {
    "model_path": "/Users/jhen/Documents/CUHK-Project/ultralytics/exp9/exp9/weights/best.pt",
    "parameters_M": 2.187843,
    "flops_G": 2.8256,
    "device": "mps",
    "model_size_mb": 4.362553596496582,
    "timestamp": "2025-08-05T01:03:26.569798"
  },
  "timing_metrics": {
    "total_images": 15,
    "avg_inference_time_ms": 38.515011073711015,
    "std_inference_time_ms": 105.27925258583596,
    "median_inference_time_ms": 10.929542011581361,
    "min_inference_time_ms": 7.892000023275614,
    "max_inference_time_ms": 432.39725002786145,
    "fps": 25.963902699811623,
    "avg_preprocess_time_ms": 1.5210944111458957,
    "avg_postprocess_time_ms": 32.8552027970242,
    "total_time_ms": 2065.31645799987
  },
  "system_metrics": {
    "avg_memory_usage_mb": 8337.794791666667,
    "max_memory_usage_mb": 8359.78125,
    "avg_mps_memory_mb": 11.7765625,
    "max_mps_memory_mb": 12.111328125
  },
  "detailed_results": []
}