{
  "model_info": {
    "model_path": "/Users/jhen/Documents/CUHK-Project/ultralytics/exp3/exp3/weights/best.pt",
    "parameters_M": 2.258387,
    "flops_G": 3.0865152,
    "device": "mps",
    "model_size_mb": 4.521723747253418,
    "timestamp": "2025-08-04T20:19:41.588176"
  },
  "timing_metrics": {
    "total_images": 15,
    "avg_inference_time_ms": 25.055344332940876,
    "std_inference_time_ms": 59.239081923915656,
    "median_inference_time_ms": 9.4600000011269,
    "min_inference_time_ms": 7.657291978830472,
    "max_inference_time_ms": 246.67187497834675,
    "fps": 39.91164466597553,
    "avg_preprocess_time_ms": 1.2174971983768046,
    "avg_postprocess_time_ms": 26.823680601470794,
    "total_time_ms": 2115.634166984819
  },
  "system_metrics": {
    "avg_memory_usage_mb": 11475.0375,
    "max_memory_usage_mb": 11478.75,
    "avg_mps_memory_mb": 12.956103515625,
    "max_mps_memory_mb": 13.10400390625
  },
  "detailed_results": []
}