{
  "model_info": {
    "model_path": "/Users/jhen/Documents/CUHK-Project/ultralytics/exp3/exp3/weights/best.pt",
    "parameters_M": 1.829587,
    "flops_G": 2.9138688,
    "device": "mps",
    "model_size_mb": 3.685835838317871,
    "timestamp": "2025-08-06T10:13:48.495230"
  },
  "timing_metrics": {
    "total_images": 15,
    "avg_inference_time_ms": 22.386589002174635,
    "std_inference_time_ms": 54.74217676798943,
    "median_inference_time_ms": 7.685624994337559,
    "min_inference_time_ms": 6.872166995890439,
    "max_inference_time_ms": 227.19950001919642,
    "fps": 44.66960106798137,
    "avg_preprocess_time_ms": 1.2627110777733226,
    "avg_postprocess_time_ms": 25.557597206595045,
    "total_time_ms": 1818.4957500197925
  },
  "system_metrics": {
    "avg_memory_usage_mb": 11195.872916666667,
    "max_memory_usage_mb": 11199.765625,
    "avg_mps_memory_mb": 10.962386067708334,
    "max_mps_memory_mb": 11.02685546875
  },
  "detailed_results": []
}