{
  "model_info": {
    "model_path": "/Users/jhen/Documents/CUHK-Project/ultralytics/exp2/exp2/weights/best.pt",
    "parameters_M": 2.472403,
    "flops_G": 3.1725312,
    "device": "mps",
    "model_size_mb": 4.946572303771973,
    "timestamp": "2025-08-04T20:02:48.816376"
  },
  "timing_metrics": {
    "total_images": 15,
    "avg_inference_time_ms": 25.12831940354469,
    "std_inference_time_ms": 57.97313408352198,
    "median_inference_time_ms": 9.39345799270086,
    "min_inference_time_ms": 8.318457985296845,
    "max_inference_time_ms": 241.9753750145901,
    "fps": 39.795737388587014,
    "avg_preprocess_time_ms": 1.349069265415892,
    "avg_postprocess_time_ms": 23.641050065634772,
    "total_time_ms": 2064.7953749867156
  },
  "system_metrics": {
    "avg_memory_usage_mb": 10994.3625,
    "max_memory_usage_mb": 11023.390625,
    "avg_mps_memory_mb": 14.141341145833334,
    "max_mps_memory_mb": 14.21533203125
  },
  "detailed_results": []
}