{
  "model_info": {
    "model_path": "/Users/jhen/Documents/CUHK-Project/ultralytics/exp2/exp2/weights/best.pt",
    "parameters_M": 2.175699,
    "flops_G": 3.0531328,
    "device": "mps",
    "model_size_mb": 4.368744850158691,
    "timestamp": "2025-08-06T10:06:47.053863"
  },
  "timing_metrics": {
    "total_images": 15,
    "avg_inference_time_ms": 23.549319532079,
    "std_inference_time_ms": 56.05427242445847,
    "median_inference_time_ms": 8.620958018582314,
    "min_inference_time_ms": 7.898542040493339,
    "max_inference_time_ms": 233.2822919706814,
    "fps": 42.46407199315441,
    "avg_preprocess_time_ms": 1.3943750023220975,
    "avg_postprocess_time_ms": 24.688677796317887,
    "total_time_ms": 1724.7601249837317
  },
  "system_metrics": {
    "avg_memory_usage_mb": 11169.008333333333,
    "max_memory_usage_mb": 11177.4375,
    "avg_mps_memory_mb": 12.687125651041667,
    "max_mps_memory_mb": 12.94482421875
  },
  "detailed_results": []
}