{
  "model_info": {
    "model_path": "/Users/jhen/Documents/CUHK-Project/ultralytics/exp5/exp5/weights/best.pt",
    "parameters_M": 2.204627,
    "flops_G": 2.99968,
    "device": "mps",
    "model_size_mb": 4.403637886047363,
    "timestamp": "2025-08-05T01:02:43.698220"
  },
  "timing_metrics": {
    "total_images": 15,
    "avg_inference_time_ms": 26.02389993844554,
    "std_inference_time_ms": 64.29871377600603,
    "median_inference_time_ms": 9.198166022542864,
    "min_inference_time_ms": 6.968625006265938,
    "max_inference_time_ms": 266.57079200958833,
    "fps": 38.426215992426386,
    "avg_preprocess_time_ms": 1.1021665336253743,
    "avg_postprocess_time_ms": 25.964810998023797,
    "total_time_ms": 1808.7251250399277
  },
  "system_metrics": {
    "avg_memory_usage_mb": 7977.715625,
    "max_memory_usage_mb": 7981.03125,
    "avg_mps_memory_mb": 12.016194661458334,
    "max_mps_memory_mb": 12.10595703125
  },
  "detailed_results": []
}