{
  "model_info": {
    "model_path": "/Users/jhen/Documents/CUHK-Project/ultralytics/exp1/exp1/weights/best.pt",
    "parameters_M": 2.472403,
    "flops_G": 3.1725312,
    "device": "mps",
    "model_size_mb": 4.946572303771973,
    "timestamp": "2025-08-04T16:04:38.939969"
  },
  "timing_metrics": {
    "total_images": 15,
    "avg_inference_time_ms": 24.934361133879673,
    "std_inference_time_ms": 53.23194342354566,
    "median_inference_time_ms": 9.72262499271892,
    "min_inference_time_ms": 8.668166992720217,
    "max_inference_time_ms": 223.4676250081975,
    "fps": 40.105298653160425,
    "avg_preprocess_time_ms": 1.1761916626710445,
    "avg_postprocess_time_ms": 27.365511131938547,
    "total_time_ms": 1887.8992499958258
  },
  "system_metrics": {
    "avg_memory_usage_mb": 10678.895833333334,
    "max_memory_usage_mb": 10679.765625,
    "avg_mps_memory_mb": 14.141341145833334,
    "max_mps_memory_mb": 14.21533203125
  },
  "detailed_results": []
}